{
  "feature_names": [
    "utilization",
    "tvl_change_7d",
    "oracle_risk_score",
    "audit_score",
    "drawdown_max",
    "utilization_squared",
    "risk_composite"
  ],
  "grade_labels": [
    "A",
    "B",
    "C",
    "D",
    "F"
  ],
  "n_training_samples": 865,
  "n_test_samples": 217,
  "accuracy": 0.9447004608294931,
  "macro_auc": 0.9956261256346896,
  "data_source": "real-only(578)+fill",
  "feature_importance": {
    "utilization": 1.574938416481018,
    "tvl_change_7d": 1.2278629541397095,
    "oracle_risk_score": 1.0605189800262451,
    "audit_score": 3.1987969875335693,
    "drawdown_max": 2.9628474712371826,
    "utilization_squared": 1.271833896636963,
    "risk_composite": 4.624171257019043
  }
}